<?xml version="1.0" encoding="UTF-8" standalone="yes"?>
<addon id="plugin.program.jansolowizard" name="[COLOR Lime]Jansolo[/COLOR] [COLOR red]Wizard[/COLOR]" version="2.2.2" provider-name="[COLOR Lime]Jansolo[/COLOR]">
  <requires>
    <import addon="xbmc.python" version="2.1.0"/>
  </requires>
  <extension point="xbmc.python.pluginsource" library="default.py">
		<provides>executable</provides>
  </extension>
  <extension point="xbmc.service" library="startup.py" start="startup"/>
  <extension point="xbmc.addon.metadata">
    <summary lang="en">Jansolo Wizard</summary>
    <description lang="en">Kodi Builds by Jansolo.</description>
    <summary lang="es_ES">Jansolo Wizard</summary>
    <description lang="es_ES">Instalador de builds para Kodi.</description>
    <platform>all</platform>
  </extension>
</addon>
