<favourites>
	<favourite name="[COLOR coral]Mas Enlaces[/COLOR]" thumb="http://swiftstreamz.com/SwiftPanel/images/7866_download.png|User-Agent=okhttp%2F3.10.0">ActivateWindow(10025,&quot;plugin://script.module.swiftystreemz/list_channels/32?sf_options=meta%3Dlabel%253DSPAIN%252BTV%26_options_sf&quot;,return)</favourite>
	<favourite name="ES - Crime investigation" thumb="https://taptube.net/tv/images/channel_imgs/250518014643crim.png|User-Agent=Dalvik%2F2.1.0%20%28Linux%3B%20U%3B%20Android%205.1.1%3B%20AFTS%20Build%2FLVY48F%29">PlayMedia(&quot;plugin://script.module.TvTaplive/play/744/play.pvr?sf_options=meta%3Dvotes%253D0%2526label%253DES%252B-%252BCrime%252Binvestigation%2526title%253DES%252B-%252BCrime%252Binvestigation%26winID%3D10001%26_options_sf&quot;)</favourite>
	<favourite name="ES - Discovery" thumb="https://taptube.net/tv/images/channel_imgs/260218112622dis.jpg|User-Agent=Dalvik%2F2.1.0%20%28Linux%3B%20U%3B%20Android%205.1.1%3B%20AFTS%20Build%2FLVY48F%29">PlayMedia(&quot;plugin://script.module.TvTaplive/play/673/play.pvr?sf_options=meta%3Dvotes%253D0%2526label%253DES%252B-%252BDiscovery%2526title%253DES%252B-%252BDiscovery%26winID%3D10001%26_options_sf&quot;)</favourite>
	<favourite name="ES - Nat Geo Wild" thumb="https://taptube.net/tv/images/channel_imgs/231216040903natw.jpeg|User-Agent=Dalvik%2F2.1.0%20%28Linux%3B%20U%3B%20Android%205.1.1%3B%20AFTS%20Build%2FLVY48F%29">PlayMedia(&quot;plugin://script.module.TvTaplive/play/361/play.pvr?sf_options=meta%3Dvotes%253D0%2526label%253DES%252B-%252BNat%252BGeo%252BWild%2526title%253DES%252B-%252BNat%252BGeo%252BWild%26winID%3D10001%26_options_sf&quot;)</favourite>
	<favourite name="ES - National Geographic" thumb="https://taptube.net/tv/images/channel_imgs/231216032637nattt.png|User-Agent=Dalvik%2F2.1.0%20%28Linux%3B%20U%3B%20Android%205.1.1%3B%20AFTS%20Build%2FLVY48F%29">PlayMedia(&quot;plugin://script.module.TvTaplive/play/347/play.pvr?sf_options=meta%3Dvotes%253D0%2526label%253DES%252B-%252BNational%252BGeographic%2526title%253DES%252B-%252BNational%252BGeographic%26winID%3D10001%26_options_sf&quot;)</favourite>
	<favourite name="ES - A&amp;E" thumb="https://taptube.net/tv/images/channel_imgs/231216040020a%26eee.jpeg|User-Agent=Dalvik%2F2.1.0%20%28Linux%3B%20U%3B%20Android%205.1.1%3B%20AFTS%20Build%2FLVY48F%29">PlayMedia(&quot;plugin://script.module.TvTaplive/play/357/play.pvr?sf_options=meta%3Dvotes%253D0%2526label%253DES%252B-%252BA%252526E%2526title%253DES%252B-%252BA%252526E%26winID%3D10001%26_options_sf&quot;)</favourite>
	<favourite name="ES - Antenna 3" thumb="https://taptube.net/tv/images/channel_imgs/231216025029antena.jpeg|User-Agent=Dalvik%2F2.1.0%20%28Linux%3B%20U%3B%20Android%205.1.1%3B%20AFTS%20Build%2FLVY48F%29">PlayMedia(&quot;plugin://script.module.TvTaplive/play/339/play.pvr?sf_options=meta%3Dvotes%253D0%2526label%253DES%252B-%252BAntenna%252B3%2526title%253DES%252B-%252BAntenna%252B3%26winID%3D10001%26_options_sf&quot;)</favourite>
	<favourite name="ES - AXN" thumb="https://taptube.net/tv/images/channel_imgs/231216025852axnn.jpg|User-Agent=Dalvik%2F2.1.0%20%28Linux%3B%20U%3B%20Android%205.1.1%3B%20AFTS%20Build%2FLVY48F%29">PlayMedia(&quot;plugin://script.module.TvTaplive/play/341/play.pvr?sf_options=meta%3Dvotes%253D0%2526label%253DES%252B-%252BAXN%2526title%253DES%252B-%252BAXN%26winID%3D10001%26_options_sf&quot;)</favourite>
	<favourite name="ES - AXN White" thumb="https://taptube.net/tv/images/channel_imgs/231216042627axn-spain.png|User-Agent=Dalvik%2F2.1.0%20%28Linux%3B%20U%3B%20Android%205.1.1%3B%20AFTS%20Build%2FLVY48F%29">PlayMedia(&quot;plugin://script.module.TvTaplive/play/366/play.pvr?sf_options=meta%3Dvotes%253D0%2526label%253DES%252B-%252BAXN%252BWhite%2526title%253DES%252B-%252BAXN%252BWhite%26winID%3D10001%26_options_sf&quot;)</favourite>
	<favourite name="ES - Barca" thumb="https://taptube.net/tv/images/channel_imgs/231216030739barca.jpg|User-Agent=Dalvik%2F2.1.0%20%28Linux%3B%20U%3B%20Android%205.1.1%3B%20AFTS%20Build%2FLVY48F%29">PlayMedia(&quot;plugin://script.module.TvTaplive/play/344/play.pvr?sf_options=meta%3Dvotes%253D0%2526label%253DES%252B-%252BBarca%2526title%253DES%252B-%252BBarca%26winID%3D10001%26_options_sf&quot;)</favourite>
	<favourite name="ES - Calle 13" thumb="https://taptube.net/tv/images/channel_imgs/231216034448calle13.png|User-Agent=Dalvik%2F2.1.0%20%28Linux%3B%20U%3B%20Android%205.1.1%3B%20AFTS%20Build%2FLVY48F%29">PlayMedia(&quot;plugin://script.module.TvTaplive/play/353/play.pvr?sf_options=meta%3Dvotes%253D0%2526label%253DES%252B-%252BCalle%252B13%2526title%253DES%252B-%252BCalle%252B13%26winID%3D10001%26_options_sf&quot;)</favourite>
	<favourite name="ES - Canal+ Toros" thumb="https://taptube.net/tv/images/channel_imgs/260218112827toros.png|User-Agent=Dalvik%2F2.1.0%20%28Linux%3B%20U%3B%20Android%205.1.1%3B%20AFTS%20Build%2FLVY48F%29">PlayMedia(&quot;plugin://script.module.TvTaplive/play/674/play.pvr?sf_options=meta%3Dvotes%253D0%2526label%253DES%252B-%252BCanal%25252B%252BToros%2526title%253DES%252B-%252BCanal%25252B%252BToros%26winID%3D10001%26_options_sf&quot;)</favourite>
	<favourite name="ES - Caza Pesca" thumb="https://taptube.net/tv/images/channel_imgs/231216024713Caza-y-Pesca-Logotipo.jpg|User-Agent=Dalvik%2F2.1.0%20%28Linux%3B%20U%3B%20Android%205.1.1%3B%20AFTS%20Build%2FLVY48F%29">PlayMedia(&quot;plugin://script.module.TvTaplive/play/338/play.pvr?sf_options=meta%3Dvotes%253D0%2526label%253DES%252B-%252BCaza%252BPesca%2526title%253DES%252B-%252BCaza%252BPesca%26winID%3D10001%26_options_sf&quot;)</favourite>
	<favourite name="ES - Cosmo" thumb="https://taptube.net/tv/images/channel_imgs/231216042848cosmo.png|User-Agent=Dalvik%2F2.1.0%20%28Linux%3B%20U%3B%20Android%205.1.1%3B%20AFTS%20Build%2FLVY48F%29">PlayMedia(&quot;plugin://script.module.TvTaplive/play/367/play.pvr?sf_options=meta%3Dvotes%253D0%2526label%253DES%252B-%252BCosmo%2526title%253DES%252B-%252BCosmo%26winID%3D10001%26_options_sf&quot;)</favourite>
	<favourite name="ES - Cuatro" thumb="https://taptube.net/tv/images/channel_imgs/231216041851cuu.jpeg|User-Agent=Dalvik%2F2.1.0%20%28Linux%3B%20U%3B%20Android%205.1.1%3B%20AFTS%20Build%2FLVY48F%29">PlayMedia(&quot;plugin://script.module.TvTaplive/play/364/play.pvr?sf_options=meta%3Dvotes%253D0%2526label%253DES%252B-%252BCuatro%2526title%253DES%252B-%252BCuatro%26winID%3D10001%26_options_sf&quot;)</favourite>
	<favourite name="ES - Fox" thumb="https://taptube.net/tv/images/channel_imgs/231216040658fox.png|User-Agent=Dalvik%2F2.1.0%20%28Linux%3B%20U%3B%20Android%205.1.1%3B%20AFTS%20Build%2FLVY48F%29">PlayMedia(&quot;plugin://script.module.TvTaplive/play/360/play.pvr?sf_options=meta%3Dvotes%253D0%2526label%253DES%252B-%252BFox%2526title%253DES%252B-%252BFox%26winID%3D10001%26_options_sf&quot;)</favourite>
	<favourite name="ES - Fox Life" thumb="https://taptube.net/tv/images/channel_imgs/231216044146foxlifee.png|User-Agent=Dalvik%2F2.1.0%20%28Linux%3B%20U%3B%20Android%205.1.1%3B%20AFTS%20Build%2FLVY48F%29">PlayMedia(&quot;plugin://script.module.TvTaplive/play/372/play.pvr?sf_options=meta%3Dvotes%253D0%2526label%253DES%252B-%252BFox%252BLife%2526title%253DES%252B-%252BFox%252BLife%26winID%3D10001%26_options_sf&quot;)</favourite>
	<favourite name="ES - Historia" thumb="https://taptube.net/tv/images/channel_imgs/231216035755historriia.jpeg|User-Agent=Dalvik%2F2.1.0%20%28Linux%3B%20U%3B%20Android%205.1.1%3B%20AFTS%20Build%2FLVY48F%29">PlayMedia(&quot;plugin://script.module.TvTaplive/play/356/play.pvr?sf_options=meta%3Dvotes%253D0%2526label%253DES%252B-%252BHistoria%2526title%253DES%252B-%252BHistoria%26winID%3D10001%26_options_sf&quot;)</favourite>
	<favourite name="ES - La Sexta" thumb="https://taptube.net/tv/images/channel_imgs/231216025530lasexta.png|User-Agent=Dalvik%2F2.1.0%20%28Linux%3B%20U%3B%20Android%205.1.1%3B%20AFTS%20Build%2FLVY48F%29">PlayMedia(&quot;plugin://script.module.TvTaplive/play/340/play.pvr?sf_options=meta%3Dvotes%253D0%2526label%253DES%252B-%252BLa%252BSexta%2526title%253DES%252B-%252BLa%252BSexta%26winID%3D10001%26_options_sf&quot;)</favourite>
	<favourite name="ES - La1" thumb="https://taptube.net/tv/images/channel_imgs/30011812104812.png|User-Agent=Dalvik%2F2.1.0%20%28Linux%3B%20U%3B%20Android%205.1.1%3B%20AFTS%20Build%2FLVY48F%29">PlayMedia(&quot;plugin://script.module.TvTaplive/play/370/play.pvr?sf_options=meta%3Dvotes%253D0%2526label%253DES%252B-%252BLa1%2526title%253DES%252B-%252BLa1%26winID%3D10001%26_options_sf&quot;)</favourite>
	<favourite name="ES - La2" thumb="https://taptube.net/tv/images/channel_imgs/30011812110722.png|User-Agent=Dalvik%2F2.1.0%20%28Linux%3B%20U%3B%20Android%205.1.1%3B%20AFTS%20Build%2FLVY48F%29">PlayMedia(&quot;plugin://script.module.TvTaplive/play/371/play.pvr?sf_options=meta%3Dvotes%253D0%2526label%253DES%252B-%252BLa2%2526title%253DES%252B-%252BLa2%26winID%3D10001%26_options_sf&quot;)</favourite>
	<favourite name="ES - Neox" thumb="https://taptube.net/tv/images/channel_imgs/140518055044neox.png|User-Agent=Dalvik%2F2.1.0%20%28Linux%3B%20U%3B%20Android%205.1.1%3B%20AFTS%20Build%2FLVY48F%29">PlayMedia(&quot;plugin://script.module.TvTaplive/play/719/play.pvr?sf_options=meta%3Dvotes%253D0%2526label%253DES%252B-%252BNeox%2526title%253DES%252B-%252BNeox%26winID%3D10001%26_options_sf&quot;)</favourite>
	<favourite name="ES - Movistar #0" thumb="https://taptube.net/tv/images/channel_imgs/250518014802movi.jpg|User-Agent=Dalvik%2F2.1.0%20%28Linux%3B%20U%3B%20Android%205.1.1%3B%20AFTS%20Build%2FLVY48F%29">PlayMedia(&quot;plugin://script.module.TvTaplive/play/745/play.pvr?sf_options=meta%3Dvotes%253D0%2526label%253DES%252B-%252BMovistar%252B%2525230%2526title%253DES%252B-%252BMovistar%252B%2525230%26winID%3D10001%26_options_sf&quot;)</favourite>
	<favourite name="ES - Nova" thumb="https://taptube.net/tv/images/channel_imgs/231216033025nov.png|User-Agent=Dalvik%2F2.1.0%20%28Linux%3B%20U%3B%20Android%205.1.1%3B%20AFTS%20Build%2FLVY48F%29">PlayMedia(&quot;plugin://script.module.TvTaplive/play/349/play.pvr?sf_options=meta%3Dvotes%253D0%2526label%253DES%252B-%252BNova%2526title%253DES%252B-%252BNova%26winID%3D10001%26_options_sf&quot;)</favourite>
	<favourite name="ES - Syfy" thumb="https://taptube.net/tv/images/channel_imgs/280818015804syfy.png|User-Agent=Dalvik%2F2.1.0%20%28Linux%3B%20U%3B%20Android%205.1.1%3B%20AFTS%20Build%2FLVY48F%29">PlayMedia(&quot;plugin://script.module.TvTaplive/play/369/play.pvr?sf_options=meta%3Dvotes%253D0%2526label%253DES%252B-%252BSyfy%2526title%253DES%252B-%252BSyfy%26winID%3D10001%26_options_sf&quot;)</favourite>
	<favourite name="ES - Telecinco" thumb="https://taptube.net/tv/images/channel_imgs/231216042031telecin.jpeg|User-Agent=Dalvik%2F2.1.0%20%28Linux%3B%20U%3B%20Android%205.1.1%3B%20AFTS%20Build%2FLVY48F%29">PlayMedia(&quot;plugin://script.module.TvTaplive/play/365/play.pvr?sf_options=meta%3Dvotes%253D0%2526label%253DES%252B-%252BTelecinco%2526title%253DES%252B-%252BTelecinco%26winID%3D10001%26_options_sf&quot;)</favourite>
	<favourite name="ES - TNT" thumb="https://taptube.net/tv/images/channel_imgs/231216043056tntse.png|User-Agent=Dalvik%2F2.1.0%20%28Linux%3B%20U%3B%20Android%205.1.1%3B%20AFTS%20Build%2FLVY48F%29">PlayMedia(&quot;plugin://script.module.TvTaplive/play/368/play.pvr?sf_options=meta%3Dvotes%253D0%2526label%253DES%252B-%252BTNT%2526title%253DES%252B-%252BTNT%26winID%3D10001%26_options_sf&quot;)</favourite>
	<favourite name="ES - AMC" thumb="https://taptube.net/tv/images/channel_imgs/250918042453amc.png|User-Agent=Dalvik%2F2.1.0%20%28Linux%3B%20U%3B%20Android%205.1.1%3B%20AFTS%20Build%2FLVY48F%29">PlayMedia(&quot;plugin://script.module.TvTaplive/play/804/play.pvr?sf_options=meta%3Dvotes%253D0%2526label%253DES%252B-%252BAMC%2526title%253DES%252B-%252BAMC%26winID%3D10001%26_options_sf&quot;)</favourite>
	<favourite name="ES - Hollywood" thumb="https://taptube.net/tv/images/channel_imgs/231216044400hollywood.png|User-Agent=Dalvik%2F2.1.0%20%28Linux%3B%20U%3B%20Android%205.1.1%3B%20AFTS%20Build%2FLVY48F%29">PlayMedia(&quot;plugin://script.module.TvTaplive/play/373/play.pvr?sf_options=meta%3Dvotes%253D0%2526label%253DES%252B-%252BHollywood%2526title%253DES%252B-%252BHollywood%26winID%3D10001%26_options_sf&quot;)</favourite>
	<favourite name="ES - Movistar accion" thumb="https://taptube.net/tv/images/channel_imgs/201217092117accc.png|User-Agent=Dalvik%2F2.1.0%20%28Linux%3B%20U%3B%20Android%205.1.1%3B%20AFTS%20Build%2FLVY48F%29">PlayMedia(&quot;plugin://script.module.TvTaplive/play/463/play.pvr?sf_options=meta%3Dvotes%253D0%2526label%253DES%252B-%252BMovistar%252Baccion%2526title%253DES%252B-%252BMovistar%252Baccion%26winID%3D10001%26_options_sf&quot;)</favourite>
	<favourite name="ES - Movistar cine n" thumb="https://taptube.net/tv/images/channel_imgs/201217092523cinen.png|User-Agent=Dalvik%2F2.1.0%20%28Linux%3B%20U%3B%20Android%205.1.1%3B%20AFTS%20Build%2FLVY48F%29">PlayMedia(&quot;plugin://script.module.TvTaplive/play/464/play.pvr?sf_options=meta%3Dvotes%253D0%2526label%253DES%252B-%252BMovistar%252Bcine%252Bn%2526title%253DES%252B-%252BMovistar%252Bcine%252Bn%26winID%3D10001%26_options_sf&quot;)</favourite>
	<favourite name="ES - Movistar xtra" thumb="https://taptube.net/tv/images/channel_imgs/201217091549xtraa.png|User-Agent=Dalvik%2F2.1.0%20%28Linux%3B%20U%3B%20Android%205.1.1%3B%20AFTS%20Build%2FLVY48F%29">PlayMedia(&quot;plugin://script.module.TvTaplive/play/460/play.pvr?sf_options=meta%3Dvotes%253D0%2526label%253DES%252B-%252BMovistar%252Bxtra%2526title%253DES%252B-%252BMovistar%252Bxtra%26winID%3D10001%26_options_sf&quot;)</favourite>
	<favourite name="ES - Movistar dcine" thumb="https://taptube.net/tv/images/channel_imgs/201217091700dcinee.png|User-Agent=Dalvik%2F2.1.0%20%28Linux%3B%20U%3B%20Android%205.1.1%3B%20AFTS%20Build%2FLVY48F%29">PlayMedia(&quot;plugin://script.module.TvTaplive/play/461/play.pvr?sf_options=meta%3Dvotes%253D0%2526label%253DES%252B-%252BMovistar%252Bdcine%2526title%253DES%252B-%252BMovistar%252Bdcine%26winID%3D10001%26_options_sf&quot;)</favourite>
	<favourite name="ES - Movistar Esternos" thumb="https://taptube.net/tv/images/channel_imgs/250918042359estre.png|User-Agent=Dalvik%2F2.1.0%20%28Linux%3B%20U%3B%20Android%205.1.1%3B%20AFTS%20Build%2FLVY48F%29">PlayMedia(&quot;plugin://script.module.TvTaplive/play/803/play.pvr?sf_options=meta%3Dvotes%253D0%2526label%253DES%252B-%252BMovistar%252BEsternos%2526title%253DES%252B-%252BMovistar%252BEsternos%26winID%3D10001%26_options_sf&quot;)</favourite>
	<favourite name="ES - Movistar series" thumb="https://taptube.net/tv/images/channel_imgs/201217091339series.png|User-Agent=Dalvik%2F2.1.0%20%28Linux%3B%20U%3B%20Android%205.1.1%3B%20AFTS%20Build%2FLVY48F%29">PlayMedia(&quot;plugin://script.module.TvTaplive/play/459/play.pvr?sf_options=meta%3Dvotes%253D0%2526label%253DES%252B-%252BMovistar%252Bseries%2526title%253DES%252B-%252BMovistar%252Bseries%26winID%3D10001%26_options_sf&quot;)</favourite>
	<favourite name="ES - TCM" thumb="https://taptube.net/tv/images/channel_imgs/250918042554tcm.png|User-Agent=Dalvik%2F2.1.0%20%28Linux%3B%20U%3B%20Android%205.1.1%3B%20AFTS%20Build%2FLVY48F%29">PlayMedia(&quot;plugin://script.module.TvTaplive/play/805/play.pvr?sf_options=meta%3Dvotes%253D0%2526label%253DES%252B-%252BTCM%2526title%253DES%252B-%252BTCM%26winID%3D10001%26_options_sf&quot;)</favourite>
	<favourite name="ES - MTV Music" thumb="https://taptube.net/tv/images/channel_imgs/231216032801mtv.png|User-Agent=Dalvik%2F2.1.0%20%28Linux%3B%20U%3B%20Android%205.1.1%3B%20AFTS%20Build%2FLVY48F%29">PlayMedia(&quot;plugin://script.module.TvTaplive/play/348/play.pvr?sf_options=meta%3Dvotes%253D0%2526label%253DES%252B-%252BMTV%252BMusic%2526title%253DES%252B-%252BMTV%252BMusic%26winID%3D10001%26_options_sf&quot;)</favourite>
	<favourite name="ES - Bein Sports" thumb="https://taptube.net/tv/images/channel_imgs/231216034647beinsp.jpeg|User-Agent=Dalvik%2F2.1.0%20%28Linux%3B%20U%3B%20Android%205.1.1%3B%20AFTS%20Build%2FLVY48F%29">PlayMedia(&quot;plugin://script.module.TvTaplive/play/354/play.pvr?sf_options=meta%3Dvotes%253D0%2526label%253DES%252B-%252BBein%252BSports%2526title%253DES%252B-%252BBein%252BSports%26winID%3D10001%26_options_sf&quot;)</favourite>
	<favourite name="ES - beIN Sports Laliga" thumb="https://taptube.net/tv/images/channel_imgs/240218025009lala.jpg|User-Agent=Dalvik%2F2.1.0%20%28Linux%3B%20U%3B%20Android%205.1.1%3B%20AFTS%20Build%2FLVY48F%29">PlayMedia(&quot;plugin://script.module.TvTaplive/play/669/play.pvr?sf_options=meta%3Dvotes%253D0%2526label%253DES%252B-%252BbeIN%252BSports%252BLaliga%2526title%253DES%252B-%252BbeIN%252BSports%252BLaliga%26winID%3D10001%26_options_sf&quot;)</favourite>
	<favourite name="ES - Euro sport" thumb="https://taptube.net/tv/images/channel_imgs/250518014244eurrrr.png|User-Agent=Dalvik%2F2.1.0%20%28Linux%3B%20U%3B%20Android%205.1.1%3B%20AFTS%20Build%2FLVY48F%29">PlayMedia(&quot;plugin://script.module.TvTaplive/play/741/play.pvr?sf_options=meta%3Dvotes%253D0%2526label%253DES%252B-%252BEuro%252Bsport%2526title%253DES%252B-%252BEuro%252Bsport%26winID%3D10001%26_options_sf&quot;)</favourite>
	<favourite name="ES - Euro sport 2" thumb="https://taptube.net/tv/images/channel_imgs/250518014339euro2.gif|User-Agent=Dalvik%2F2.1.0%20%28Linux%3B%20U%3B%20Android%205.1.1%3B%20AFTS%20Build%2FLVY48F%29">PlayMedia(&quot;plugin://script.module.TvTaplive/play/742/play.pvr?sf_options=meta%3Dvotes%253D0%2526label%253DES%252B-%252BEuro%252Bsport%252B2%2526title%253DES%252B-%252BEuro%252Bsport%252B2%26winID%3D10001%26_options_sf&quot;)</favourite>
	<favourite name="ES - La Liga" thumb="https://taptube.net/tv/images/channel_imgs/250518014428lalig.jpg|User-Agent=Dalvik%2F2.1.0%20%28Linux%3B%20U%3B%20Android%205.1.1%3B%20AFTS%20Build%2FLVY48F%29">PlayMedia(&quot;plugin://script.module.TvTaplive/play/743/play.pvr?sf_options=meta%3Dvotes%253D0%2526label%253DES%252B-%252BLa%252BLiga%2526title%253DES%252B-%252BLa%252BLiga%26winID%3D10001%26_options_sf&quot;)</favourite>
	<favourite name="ES - LaLiga 123" thumb="https://taptube.net/tv/images/channel_imgs/250918042247laliga12.jpg|User-Agent=Dalvik%2F2.1.0%20%28Linux%3B%20U%3B%20Android%205.1.1%3B%20AFTS%20Build%2FLVY48F%29">PlayMedia(&quot;plugin://script.module.TvTaplive/play/802/play.pvr?sf_options=meta%3Dvotes%253D0%2526label%253DES%252B-%252BLaLiga%252B123%2526title%253DES%252B-%252BLaLiga%252B123%26winID%3D10001%26_options_sf&quot;)</favourite>
	<favourite name="ES - Movistar deportes" thumb="https://taptube.net/tv/images/channel_imgs/201217090912depp.png|User-Agent=Dalvik%2F2.1.0%20%28Linux%3B%20U%3B%20Android%205.1.1%3B%20AFTS%20Build%2FLVY48F%29">PlayMedia(&quot;plugin://script.module.TvTaplive/play/457/play.pvr?sf_options=meta%3Dvotes%253D0%2526label%253DES%252B-%252BMovistar%252Bdeportes%2526title%253DES%252B-%252BMovistar%252Bdeportes%26winID%3D10001%26_options_sf&quot;)</favourite>
	<favourite name="ES - Movistar deportes 2" thumb="https://taptube.net/tv/images/channel_imgs/201217091045dep2.jpg|User-Agent=Dalvik%2F2.1.0%20%28Linux%3B%20U%3B%20Android%205.1.1%3B%20AFTS%20Build%2FLVY48F%29">PlayMedia(&quot;plugin://script.module.TvTaplive/play/458/play.pvr?sf_options=meta%3Dvotes%253D0%2526label%253DES%252B-%252BMovistar%252Bdeportes%252B2%2526title%253DES%252B-%252BMovistar%252Bdeportes%252B2%26winID%3D10001%26_options_sf&quot;)</favourite>
	<favourite name="ES - Movistar F1" thumb="https://taptube.net/tv/images/channel_imgs/231216031553movie.png|User-Agent=Dalvik%2F2.1.0%20%28Linux%3B%20U%3B%20Android%205.1.1%3B%20AFTS%20Build%2FLVY48F%29">PlayMedia(&quot;plugin://script.module.TvTaplive/play/346/play.pvr?sf_options=meta%3Dvotes%253D0%2526label%253DES%252B-%252BMovistar%252BF1%2526title%253DES%252B-%252BMovistar%252BF1%26winID%3D10001%26_options_sf&quot;)</favourite>
	<favourite name="ES - Movistar Motogp" thumb="https://taptube.net/tv/images/channel_imgs/231216040406starm.jpeg|User-Agent=Dalvik%2F2.1.0%20%28Linux%3B%20U%3B%20Android%205.1.1%3B%20AFTS%20Build%2FLVY48F%29">PlayMedia(&quot;plugin://script.module.TvTaplive/play/359/play.pvr?sf_options=meta%3Dvotes%253D0%2526label%253DES%252B-%252BMovistar%252BMotogp%2526title%253DES%252B-%252BMovistar%252BMotogp%26winID%3D10001%26_options_sf&quot;)</favourite>
	<favourite name="ES - Real Madrid" thumb="https://taptube.net/tv/images/channel_imgs/260218112537rea.png|User-Agent=Dalvik%2F2.1.0%20%28Linux%3B%20U%3B%20Android%205.1.1%3B%20AFTS%20Build%2FLVY48F%29">PlayMedia(&quot;plugin://script.module.TvTaplive/play/672/play.pvr?sf_options=meta%3Dvotes%253D0%2526label%253DES%252B-%252BReal%252BMadrid%2526title%253DES%252B-%252BReal%252BMadrid%26winID%3D10001%26_options_sf&quot;)</favourite>
</favourites>