<favourites>
	<favourite name="IberiKa" thumb="special://home/addons\plugin.video.IberiKa\icon.gif">ActivateWindow(10025,&quot;plugin://plugin.video.IberiKa/?sf_options=fanart%3Dspecial%3A%2F%2Fhome%2Faddons%5Cplugin.video.IberiKa%5Cfanart.gif%26meta%3Dlabel%253DIberiKa%26desc%3DTal+como+indica+la+licencia+GPL%2C+cualquier+persona+puede+hacer+el+uso+que+considere+de+mi+trabajo.+Los+servicios+y+contenidos+audiovisuales+son+ubicados+en+servidores+de+terceros+y%2Fo+transmitidos+por+terceros.+Nadie+puede+responsabilizar+a+Iberika+de+alojar+contenido+con+copyright+ya+que+nosotros+no+alojamos+ning%C3%BAn+contenido+con+derechos+de+autor.+Los+enlaces+que+figuran+en+este+addon+han+sido+encontrados+en+diferentes+webs+de+streaming+online+o+de+webs+que+alojan+listas.+No+nos+hacemos+responsables+del+uso+indebido+que+se+pueda+hacer+del+contenido+de+nuestro+addon.+No+se+admite+ninguna+compensacion+economica+o+derivados.Espero+que+sea+util%2C+un+saludo.%26_options_sf&quot;,return)</favourite>
	<favourite name="Youtube Music" thumb="special://home/addons\plugin.video.spotitube\icon.png">ActivateWindow(10025,&quot;plugin://plugin.video.spotitube/?content_type=video&amp;sf_options=fanart%3Dspecial%3A%2F%2Fhome%2Faddons%5Cplugin.video.spotitube%5Cfanart.jpg%26meta%3Dlabel%253DYoutube%252BMusic%26desc%3DChoose+Music+from+different+sources+e.g.+Billboard%2C+iTunes%2C+Spotify+etc.+and+play+it+via+Youtube.%5BCR%5D%5BCR%5DFor+more+information+about+all+new+features+see+-+CHANGELOG.%5BCR%5D+++++TEST+IT+AND+LIKE+IT%26_options_sf&quot;,return)</favourite>
	<favourite name="Now Thats What I Call Music" thumb="special://home/addons\plugin.video.now_music\icon.png">ActivateWindow(10025,&quot;plugin://plugin.video.now_music/?content_type=video&amp;sf_options=fanart%3Dspecial%3A%2F%2Fhome%2Faddons%5Cplugin.video.now_music%5Cfanart.jpg%26meta%3Dlabel%253DNow%252BThats%252BWhat%252BI%252BCall%252BMusic%26desc%3DNow+Thats+What+I+Call+Music+Collection%26_options_sf&quot;,return)</favourite>
	<favourite name="[COLOR lightblue]Dance Music[/COLOR]" thumb="special://home/addons\plugin.video.dance\icon.png">ActivateWindow(10025,&quot;plugin://plugin.video.dance/?sf_options=fanart%3Dspecial%3A%2F%2Fhome%2Faddons%5Cplugin.video.dance%5Cfanart.jpg%26meta%3Dlabel%253D%25255BCOLOR%252Blightblue%25255DDance%252BMusic%25255B%25252FCOLOR%25255D%26desc%3DGracias+Anabel+por+orientarme.%26_options_sf&quot;,return)</favourite>
	<favourite name="[B]MUSIC[/B]" thumb="special://home/addons\plugin.video.music\icon.png">ActivateWindow(10025,&quot;plugin://plugin.video.music/?sf_options=fanart%3Dspecial%3A%2F%2Fhome%2Faddons%5Cplugin.video.music%5Cfanart.jpg%26meta%3Dlabel%253D%25255BB%25255DMUSIC%25255B%25252FB%25255D%26desc%3Dmusic%26_options_sf&quot;,return)</favourite>
</favourites>