<?xml version="1.0" encoding="UTF-8"?>
<!-- Foundation -->
<includes>
    <include name="Viewtype_BigIcon">
        <control type="group">
            <visible>Control.IsVisible(52)</visible>
            <left>bigpad</left>
            <right>bigpad</right>
            <top>bigpad</top>
            <height>posterh</height>
            <include>Object_Background</include>
            <control type="wraplist" id="52">
                <top>30</top>
                <left>bigiconpanelpadw</left>
                <right>15</right>
                <visible>[Container.Content(movies) + [String.IsEqual(Skin.String(Skin.ForcedView.movies),$LOCALIZE[538]) | String.IsEmpty(Skin.String(Skin.ForcedView.movies)) ]] | [Container.Content(sets) + [String.IsEqual(Skin.String(Skin.ForcedView.sets),$LOCALIZE[538]) | String.IsEmpty(Skin.String(Skin.ForcedView.sets)) ]] | [Container.Content(tvshows) + [String.IsEqual(Skin.String(Skin.ForcedView.tvshows),$LOCALIZE[538]) | String.IsEmpty(Skin.String(Skin.ForcedView.tvshows)) ]] | [Container.Content(seasons) + [String.IsEqual(Skin.String(Skin.ForcedView.seasons),$LOCALIZE[538]) | String.IsEmpty(Skin.String(Skin.ForcedView.seasons)) ]] | [Container.Content(musicvideos) + [String.IsEqual(Skin.String(Skin.ForcedView.musicvideos),$LOCALIZE[538]) | String.IsEmpty(Skin.String(Skin.ForcedView.musicvideos)) ]]</visible>
                <onup condition="!Skin.HasSetting(global.kioskmode)">9000</onup>
                <ondown>61</ondown>
                <onback condition="!String.IsEmpty(Window(home).Property(HubReturn)) + String.IsEqual(Container.FolderPath,Window(home).Property(WindowBaseReturn))">AlarmClock(returnhack,ActivateWindow($INFO[Window(home).Property(HubReturn)]),00:00,silent)</onback>
                <onleft>52</onleft>
                <onright>52</onright>
                <focusposition>0</focusposition>
                <preloaditems>0</preloaditems>
                <pagecontrol>61</pagecontrol>
                <orientation>horizontal</orientation>
                <viewtype label="538">bigicon</viewtype>
                <scrolltime tween="quadratic">400</scrolltime>
                <itemlayout width="bigiconw" height="660">
                    <control type="group">
                        <top>0</top>
                        <left>15</left>
                        <right>15</right>
                        <height>bigiconh</height>

                        <control type="image">
                            <include condition="!Skin.HasSetting(global.hideobjectshadows) + !String.IsEqual(Skin.CurrentColourTheme,Light)">Object_Background_Shadows</include>
                            <aspectratio align="center" aligny="center" scalediffuse="false">scale</aspectratio>
                            <texture background="true">$VAR[Image_Poster]</texture>
                        </control>
                        <control type="group">
                            <right>-10</right>
                            <top>-10</top>
                            <include>Defs_WatchedOverlay</include>
                        </control>
                    </control>
                </itemlayout>

                <focusedlayout width="bigiconw" height="660">
                    <control type="group">
                        <top>0</top>
                        <left>15</left>
                        <right>15</right>
                        <height>bigiconh</height>

                        <control type="image">
                            <include condition="!Skin.HasSetting(global.hideobjectshadows) + !String.IsEqual(Skin.CurrentColourTheme,Light)">Object_Background_Shadows</include>
                            <aspectratio align="center" aligny="center" scalediffuse="false">scale</aspectratio>
                            <texture background="true">$VAR[Image_Poster]</texture>
                        </control>
                        <control type="group">
                            <right>-10</right>
                            <top>-10</top>
                            <include>Defs_WatchedOverlay</include>
                        </control>
                    </control>
                </focusedlayout>
            </control>
            <control type="group">
                <top>30</top>
                <left>30</left>
                <width>440</width>
                <height>660</height>
                <control type="image">
                    <left>-10</left>
                    <right>-10</right>
                    <top>-10</top>
                    <bottom>-10</bottom>
                    <texture colordiffuse="$VAR[HighlightColor]">common/white.png</texture>
                    <visible>Control.HasFocus(52)</visible>
                </control>
                <control type="image">
                    <texture colordiffuse="ff181818">common/white.png</texture>
                </control>
                <control type="image">
                    <include condition="!Skin.HasSetting(global.hideobjectshadows) + !String.IsEqual(Skin.CurrentColourTheme,Light)">Object_Background_Shadows</include>
                    <aspectratio align="center" aligny="center" scalediffuse="false">scale</aspectratio>
                    <texture background="true">$INFO[Container(52).ListItem.Icon]</texture>
                    <visible>!Control.HasFocus(52)</visible>
                </control>
                <control type="group">
                    <right>-10</right>
                    <top>-10</top>
                    <visible>!Control.HasFocus(52)</visible>
                    <include>Defs_WatchedOverlay</include>
                </control>
                <control type="image">
                    <aspectratio align="center" aligny="center" scalediffuse="false">scale</aspectratio>
                    <texture background="true">$INFO[Container(52).ListItem.Icon]</texture>
                    <fadetime>300</fadetime>
                    <visible>Control.HasFocus(52)</visible>
                </control>
                <control type="group">
                    <right>-10</right>
                    <top>-10</top>
                    <visible>Control.HasFocus(52)</visible>
                    <include>Defs_WatchedOverlay_Focus</include>
                </control>
            </control>
            <control type="group">
                <right>pad</right>
                <left>484</left>
                <top>bigiconh</top>
                <bottom>-30</bottom>
                <control type="grouplist">
                    <usecontrolcoords>true</usecontrolcoords>
                    <itemgap>6</itemgap>
                    <orientation>vertical</orientation>
                    <left>pad</left>
                    <right>pad</right>
                    <top>40</top>
                    <bottom>60</bottom>
                    <control type="textbox">
                        <top>pad</top>
                        <left>pad</left>
                        <right>pad</right>
                        <height>auto</height>
                        <align>left</align>
                        <font>Font-InfoBox-Title</font>
                        <label>$INFO[ListItem.Label]</label>
                    </control>

                    <control type="label">
                        <left>pad</left>
                        <right>pad</right>
                        <height>24</height>
                        <align>left</align>
                        <textcolor>$VAR[HighlightColor2]</textcolor>
                        <font>Font-ListInfo-Small-Bold</font>
                        <label>$VAR[Label_GenreLine,[UPPERCASE],[/UPPERCASE]]</label>
                    </control>
                    <control type="textbox">
                        <left>pad</left>
                        <right>pad</right>
                        <height>122</height>
                        <font>Font-ListInfo</font>
                        <align>left</align>
                        <label>$VAR[Label_Plot]</label>
                    </control>


                </control>
                <control type="label">
                    <top>109</top>
                    <left>30</left>
                    <right>bigpad</right>
                    <height>20</height>
                    <align>right</align>
                    <font>Font-ListInfo-Small-Bold</font>
                    <label>$VAR[Label_ExtraInfo_Icons]</label>
                    <visible>!Skin.HasSetting(furniture.showflags) | !Skin.HasSetting(furniture.flags.extradetail)</visible>
                </control>
            </control>
        </control>
    </include>

    <include name="Viewtype_MediumIcon">
        <control type="group">
            <visible>Control.IsVisible(525)</visible>
            <left>bigpad</left>
            <right>bigpad</right>
            <top>bigpad</top>
            <height>posterh</height>
            <include>Object_Background</include>
            <control type="fixedlist" id="525">
                <top>10</top>
                <centerleft>50%</centerleft>
                <width>1722</width>
                <visible>[Container.Content(movies) + [String.IsEqual(Skin.String(Skin.ForcedView.movies),$LOCALIZE[31230]) | String.IsEmpty(Skin.String(Skin.ForcedView.movies)) ]] | [Container.Content(sets) + [String.IsEqual(Skin.String(Skin.ForcedView.sets),$LOCALIZE[31230]) | String.IsEmpty(Skin.String(Skin.ForcedView.sets)) ]] | [Container.Content(tvshows) + [String.IsEqual(Skin.String(Skin.ForcedView.tvshows),$LOCALIZE[31230]) | String.IsEmpty(Skin.String(Skin.ForcedView.tvshows)) ]] | [Container.Content(seasons) + [String.IsEqual(Skin.String(Skin.ForcedView.seasons),$LOCALIZE[31230]) | String.IsEmpty(Skin.String(Skin.ForcedView.seasons)) ]] | [Container.Content(musicvideos) + [String.IsEqual(Skin.String(Skin.ForcedView.musicvideos),$LOCALIZE[31230]) | String.IsEmpty(Skin.String(Skin.ForcedView.musicvideos)) ]]</visible>
                <onup condition="!Skin.HasSetting(global.kioskmode)">9000</onup>
                <ondown>61</ondown>
                <onback condition="!String.IsEmpty(Window(home).Property(HubReturn)) + String.IsEqual(Container.FolderPath,Window(home).Property(WindowBaseReturn))">AlarmClock(returnhack,ActivateWindow($INFO[Window(home).Property(HubReturn)]),00:00,silent)</onback>
                <onleft>525</onleft>
                <onright>525</onright>
                <focusposition>2</focusposition>
                <movement>2</movement>
                <preloaditems>0</preloaditems>
                <pagecontrol>61</pagecontrol>
                <orientation>horizontal</orientation>
                <viewtype label="31230">bigicon</viewtype>
                <scrolltime tween="quadratic">400</scrolltime>
                <itemlayout width="344.4" height="700">
                    <control type="group">
                        <top>bigpad</top>
                        <left>15</left>
                        <right>15</right>
                        <height>456.6</height>

                        <control type="image">
                            <include condition="!Skin.HasSetting(global.hideobjectshadows) + !String.IsEqual(Skin.CurrentColourTheme,Light)">Object_Background_Shadows</include>
                            <aspectratio align="center" aligny="center" scalediffuse="false">scale</aspectratio>
                            <texture background="true">$VAR[Image_Poster]</texture>
                        </control>
                        <control type="group">
                            <right>-10</right>
                            <top>-10</top>
                            <include>Defs_WatchedOverlay</include>
                        </control>
                    </control>
                </itemlayout>

                <focusedlayout width="344.4" height="700">
                    <control type="group">
                        <top>bigpad</top>
                        <left>15</left>
                        <right>15</right>
                        <height>456.6</height>
                        <control type="image">
                            <left>-10</left>
                            <right>-10</right>
                            <top>-10</top>
                            <bottom>-10</bottom>
                            <texture colordiffuse="$VAR[HighlightColor]">common/white.png</texture>
                            <visible>Control.HasFocus(525)</visible>
                        </control>
                        <control type="image">
                            <aspectratio align="center" aligny="center" scalediffuse="false">scale</aspectratio>
                            <texture background="true">$VAR[Image_Poster]</texture>
                            <visible>Control.HasFocus(525)</visible>
                        </control>
                        <control type="group">
                            <right>-10</right>
                            <top>-10</top>
                            <include>Defs_WatchedOverlay_Focus</include>
                            <visible>Control.HasFocus(525)</visible>
                        </control>
                        <control type="image">
                            <include condition="!Skin.HasSetting(global.hideobjectshadows) + !String.IsEqual(Skin.CurrentColourTheme,Light)">Object_Background_Shadows</include>
                            <aspectratio align="center" aligny="center" scalediffuse="false">scale</aspectratio>
                            <texture background="true">$VAR[Image_Poster]</texture>
                            <visible>!Control.HasFocus(525)</visible>
                        </control>
                        <control type="group">
                            <right>-10</right>
                            <top>-10</top>
                            <include>Defs_WatchedOverlay</include>
                            <visible>!Control.HasFocus(525)</visible>
                        </control>

                        
                    </control>
                </focusedlayout>
            </control>
            <control type="group">
                <left>bigpad</left>
                <right>bigpad</right>
                <control type="grouplist">
                    <itemgap>0</itemgap>
                    <orientation>vertical</orientation>
                    <left>pad</left>
                    <right>pad</right>
                    <top>510</top>
                    <bottom>pad</bottom>
                    <control type="label">
                        <height>44</height>
                        <align>center</align>
                        <font>Font-InfoBox-Title</font>
                        <label>$INFO[ListItem.Label]</label>
                    </control>
                    <control type="label">
                        <height>32</height>
                        <align>center</align>
                        <textcolor>$VAR[HighlightColor2]</textcolor>
                        <font>Font-ListInfo-Small-Bold</font>
                        <label>$VAR[Label_GenreLine,[UPPERCASE],[/UPPERCASE]]</label>
                    </control>
                    <control type="label">
                        <height>40</height>
                        <align>center</align>
                        <font>Font-ListInfo-Small-Bold</font>
                        <label>$VAR[Label_ExtraInfo_Icons]</label>
                        <visible>!Skin.HasSetting(furniture.showflags) | !Skin.HasSetting(furniture.flags.extradetail)</visible>
                    </control>
                    <control type="textbox">
                        <height>auto</height>
                        <font>Font-ListInfo</font>
                        <align>center</align>
                        <label>$VAR[Label_Plot]</label>
                        <visible>!Skin.HasSetting(furniture.showflags) | !Skin.HasSetting(furniture.flags.extradetail)</visible>
                    </control>
                    <control type="textbox">
                        <height>auto</height>
                        <font>Font-ListInfo</font>
                        <align>center</align>
                        <label>$VAR[Label_Plot]</label>
                        <visible>Skin.HasSetting(furniture.showflags) + Skin.HasSetting(furniture.flags.extradetail)</visible>
                    </control>
                </control>
                
            </control>
        </control>
    </include>

    <!-- BIG WIDE FANART -->
    <include name="Viewtype_Lovefilm">
        <control type="group">
            <visible>Control.IsVisible(58)</visible>
            <control type="group">
                <left>bigpad</left>
                <right>bigpad</right>
                <top>bigpad</top>
                <height>posterh</height>
                <include>Object_Background</include>
                <control type="group">
                    <right>0</right>
                    <width>1280</width>
                    <height>100%</height>

                    <control type="wraplist" id="58">
                        <width>100%</width>
                        <height>100%</height>
                        <pagecontrol>61</pagecontrol>
                        <preloaditems>2</preloaditems>
                        <onleft>58</onleft>
                        <onright>58</onright>
                        <viewtype label="31163">bigwide</viewtype>
                        <orientation>horizontal</orientation>
                        <onup condition="!Skin.HasSetting(KioskMode)">SetFocus(9000)</onup>
                        <onback condition="!String.IsEmpty(Window(home).Property(HubReturn)) + String.IsEqual(Container.FolderPath,Window(home).Property(WindowBaseReturn))">AlarmClock(returnhack,ActivateWindow($INFO[Window(home).Property(HubReturn)]),00:00,silent)</onback>
                        <scrolltime tween="quadratic">400</scrolltime>
                        <visible>[Container.Content(movies) + [String.IsEqual(Skin.String(Skin.ForcedView.movies),$LOCALIZE[31163]) | String.IsEmpty(Skin.String(Skin.ForcedView.movies)) ]] | [Container.Content(sets) + [String.IsEqual(Skin.String(Skin.ForcedView.sets),$LOCALIZE[31163]) | String.IsEmpty(Skin.String(Skin.ForcedView.sets)) ]] | [Container.Content(tvshows) + [String.IsEqual(Skin.String(Skin.ForcedView.tvshows),$LOCALIZE[31163]) | String.IsEmpty(Skin.String(Skin.ForcedView.tvshows)) ]] | [Container.Content(seasons) + [String.IsEqual(Skin.String(Skin.ForcedView.seasons),$LOCALIZE[31163]) | String.IsEmpty(Skin.String(Skin.ForcedView.seasons)) ]] | [Container.Content(videos) + [String.IsEqual(Skin.String(Skin.ForcedView.videos),$LOCALIZE[31163]) | String.IsEmpty(Skin.String(Skin.ForcedView.videos)) ]] | [Container.Content(artists) + [String.IsEqual(Skin.String(Skin.ForcedView.artists),$LOCALIZE[31163]) | String.IsEmpty(Skin.String(Skin.ForcedView.artists)) ]] | [Container.Content(episodes) + [String.IsEqual(Skin.String(Skin.ForcedView.episodes),$LOCALIZE[31163]) | String.IsEmpty(Skin.String(Skin.ForcedView.episodes)) ]]</visible>
                        <itemlayout width="1280" height="720">
                            <control type="image">
                                <width>100%</width>
                                <height>100%</height>
                                <aspectratio>scale</aspectratio>
                                <texture background="true" fallback="special://skin/extras/backgrounds/home.jpg">$VAR[Image_Thumb]</texture>
                            </control>
                        </itemlayout>
                        <focusedlayout width="1280" height="720">
                            <control type="image">
                                <width>100%</width>
                                <height>100%</height>
                                <aspectratio>scale</aspectratio>
                                <texture background="true" fallback="special://skin/extras/backgrounds/home.jpg">$VAR[Image_Thumb]</texture>
                            </control>
                        </focusedlayout>
                    </control>
                </control>
                <control type="group">
                    <right>1280</right>
                    <left>0</left>
                    <height>100%</height>
                    <control type="grouplist">
                        <usecontrolcoords>true</usecontrolcoords>
                        <itemgap>pad</itemgap>
                        <orientation>vertical</orientation>
                        <left>pad</left>
                        <right>pad</right>
                        <top>pad</top>
                        <bottom>60</bottom>
                        <control type="textbox">
                            <top>pad</top>
                            <left>pad</left>
                            <right>pad</right>
                            <height>auto</height>
                            <align>left</align>
                            <font>Font-InfoBox-Title</font>
                            <label>$INFO[ListItem.Label]</label>
                        </control>

                        <control type="textbox">
                            <left>pad</left>
                            <right>pad</right>
                            <height>auto</height>
                            <align>left</align>
                            <textcolor>$VAR[HighlightColor2]</textcolor>
                            <font>Font-ListInfo-Small-Bold</font>
                            <label>$VAR[Label_GenreLine,[UPPERCASE],[/UPPERCASE]]</label>
                        </control>
                        <control type="textbox">
                            <left>pad</left>
                            <right>pad</right>
                            <height max="550">auto</height>
                            <font>Font-ListInfo</font>
                            <align>left</align>
                            <label>$VAR[Label_Plot]</label>
                        </control>


                    </control>
                    <control type="label">
                        <bottom>bigpad</bottom>
                        <left>bigpad</left>
                        <right>bigpad</right>
                        <height>20</height>
                        <align>right</align>
                        <font>Font-ListInfo-Small-Bold</font>
                        <label>$VAR[Label_ExtraInfo_Icons]</label>
                        <visible>!Skin.HasSetting(furniture.showflags) | !Skin.HasSetting(furniture.flags.extradetail)</visible>
                    </control>
                </control>
            </control>
        </control>
    </include>

</includes>

